{"f1": 0.45663265306122447, "precision": 0.4890710382513661, "recall": 0.42822966507177035, "baseline": 0.06494717215661902}