,level_0,level_1,bert-base-multilingual-cased,random_baseline
0,eval_f1,mean,0.662585746981741,0.28954418189205744
1,eval_f1,std,0.016042349728333558,0.02310820582064438
2,eval_precision,mean,0.6645600709705348,0.2902296875201765
3,eval_precision,std,0.027975561974895948,0.024650194738761833
4,eval_recall,mean,0.6633730916234295,0.289267494327354
5,eval_recall,std,0.041551192469066266,0.02452432622336279
